<wpml-config>
    <custom-types>
        <custom-type translate="1">property</custom-type>
        <custom-type translate="1">agent</custom-type>
        <custom-type translate="1">partners</custom-type>
        <custom-type translate="1">slide</custom-type>
    </custom-types>
    <taxonomies>
        <taxonomy translate="1">property-feature</taxonomy>
        <taxonomy translate="1">property-type</taxonomy>
        <taxonomy translate="1">property-city</taxonomy>
        <taxonomy translate="1">property-status</taxonomy>
    </taxonomies>
    <shortcodes>
        <shortcode>
            <tag>properties</tag>
            <attributes>
                <attribute>count</attribute>
                <attribute>layout</attribute>
                <attribute>orderby</attribute>
                <attribute>order</attribute>
                <attribute>locations</attribute>
                <attribute>statuses</attribute>
                <attribute>types</attribute>
                <attribute>features</attribute>
                <attribute>relation</attribute>
                <attribute>min_beds</attribute>
                <attribute>max_beds</attribute>
                <attribute>min_baths</attribute>
                <attribute>max_baths</attribute>
                <attribute>min_price</attribute>
                <attribute>max_price</attribute>
                <attribute>min_area</attribute>
                <attribute>max_area</attribute>
                <attribute>featured</attribute>
                <attribute>agent</attribute>
            </attributes>
        </shortcode>
    </shortcodes>
    <custom-fields>
        <custom-field action="translate">_thumbnail_id</custom-field>
        <custom-field action="translate">REAL_HOMES_embed_code</custom-field>
        <custom-field action="copy">REAL_HOMES_gallery</custom-field>
        <custom-field action="translate">REAL_HOMES_gallery_slider_type</custom-field>
        <custom-field action="copy">REAL_HOMES_property_images</custom-field>
        <custom-field action="translate">REAL_HOMES_property_price</custom-field>
        <custom-field action="translate">REAL_HOMES_property_price_postfix</custom-field>
        <custom-field action="translate">REAL_HOMES_property_size</custom-field>
        <custom-field action="translate">REAL_HOMES_property_size_postfix</custom-field>
        <custom-field action="copy">REAL_HOMES_property_bedrooms</custom-field>
        <custom-field action="copy">REAL_HOMES_property_bathrooms</custom-field>
        <custom-field action="copy">REAL_HOMES_property_garage</custom-field>
        <custom-field action="translate">REAL_HOMES_property_id</custom-field>
        <custom-field action="translate">REAL_HOMES_property_address</custom-field>
        <custom-field action="translate">REAL_HOMES_property_location</custom-field>
        <custom-field action="translate">REAL_HOMES_tour_video_url</custom-field>
        <custom-field action="translate">REAL_HOMES_tour_video_image</custom-field>
        <custom-field action="translate">REAL_HOMES_featured</custom-field>
        <custom-field action="translate">REAL_HOMES_add_in_slider</custom-field>
        <custom-field action="copy">REAL_HOMES_slider_image</custom-field>
        <custom-field action="translate">REAL_HOMES_agent_display_option</custom-field>
        <custom-field action="translate">REAL_HOMES_agents</custom-field>
        <custom-field action="translate">REAL_HOMES_attachments</custom-field>
        <custom-field action="translate">REAL_HOMES_property_private_note</custom-field>
        <custom-field action="translate">REAL_HOMES_detail_titles</custom-field>
        <custom-field action="translate">REAL_HOMES_detail_values</custom-field>
        <custom-field action="translate">REAL_HOMES_partner_url</custom-field>
        <custom-field action="translate">REAL_HOMES_agent_email</custom-field>
        <custom-field action="translate">REAL_HOMES_mobile_number</custom-field>
        <custom-field action="translate">REAL_HOMES_office_number</custom-field>
        <custom-field action="translate">REAL_HOMES_fax_number</custom-field>
        <custom-field action="translate">REAL_HOMES_facebook_url</custom-field>
        <custom-field action="translate">REAL_HOMES_twitter_url</custom-field>
        <custom-field action="translate">REAL_HOMES_linked_in_url</custom-field>
        <custom-field action="translate">REAL_HOMES_banner_title</custom-field>
        <custom-field action="translate">REAL_HOMES_banner_sub_title</custom-field>
        <custom-field action="translate">REAL_HOMES_page_banner_image</custom-field>
        <custom-field action="translate">REAL_HOMES_rev_slider_alias</custom-field>
        <custom-field action="translate">slide_sub_text</custom-field>
        <custom-field action="translate">REAL_HOMES_slide_url</custom-field>
    </custom-fields>
    <admin-texts>
        <key name="theme_sitelogo" />
        <key name="theme_general_banner_image" />
        <key name="theme_search_url" />
        <key name="inspiry_search_page" />
        <key name="inspiry_compare_page" />
        <key name="theme_header_email" />
        <key name="theme_header_phone" />
        <key name="theme_home_advance_search_title" />
        <key name="inspiry_keyword_label" />
        <key name="inspiry_keyword_placeholder_text" />
        <key name="inspiry_property_id_label" />
        <key name="inspiry_property_id_placeholder_text" />
        <key name="inspiry_property_status_label" />
        <key name="inspiry_property_type_label" />
        <key name="inspiry_agent_field_label" />
        <key name="theme_location_select_number" />
        <key name="theme_location_title_1" />
        <key name="theme_location_title_2" />
        <key name="theme_location_title_3" />
        <key name="theme_location_title_4" />
        <key name="inspiry_min_beds_label" />
        <key name="inspiry_min_beds" />
        <key name="inspiry_min_baths_label" />
        <key name="inspiry_min_baths" />
        <key name="inspiry_min_area_label" />
        <key name="inspiry_min_area_placeholder_text" />
        <key name="inspiry_max_area_label" />
        <key name="inspiry_max_area_placeholder_text" />
        <key name="inspiry_min_garages_label" />
        <key name="inspiry_min_garages" />
        <key name="theme_area_unit" />
        <key name="inspiry_any_text" />
        <key name="inspiry_search_button_text" />
        <key name="inspiry_search_features_title" />
        <key name="inspiry_search_label_text" />
        <key name="inspiry_home_search_bg_img" />
        <key name="inspiry_enable_search_label_image" />
        <key name="theme_slogan_title" />
        <key name="theme_slogan_text" />
        <key name="theme_news_posts_title" />
        <key name="theme_news_posts_text" />
        <key name="theme_featured_prop_title" />
        <key name="theme_featured_prop_text" />
        <key name="theme_additional_details_title" />
        <key name="theme_common_note_title" />
        <key name="theme_common_note" />
        <key name="theme_property_features_title" />
        <key name="inspiry_featured_prop_sub_title" />
        <key name="theme_property_video_title" />
        <key name="theme_property_map_title" />
        <key name="theme_property_attachments_title" />
        <key name="theme_child_properties_title" />
        <key name="theme_similar_properties_title" />
        <key name="theme_news_banner_title" />
        <key name="theme_news_banner_sub_title" />
        <key name="theme_gallery_banner_title" />
        <key name="theme_gallery_banner_sub_title" />
        <key name="theme_currency_sign" />
        <key name="theme_currency_position" />
        <key name="theme_decimals" />
        <key name="theme_dec_point" />
        <key name="theme_thousands_sep" />
        <key name="theme_no_price_text" />
        <key name="inspiry_min_price_label" />
        <key name="inspiry_max_price_label" />
        <key name="theme_minimum_price_values" />
        <key name="theme_maximum_price_values" />
        <key name="theme_minimum_price_values_for_rent" />
        <key name="theme_maximum_price_values_for_rent" />
        <key name="theme_status_for_rent" />
        <key name="theme_banner_titles" />
        <key name="theme_message_copy_email" />
        <key name="theme_map_lati" />
        <key name="theme_map_longi" />
        <key name="theme_map_zoom" />
        <key name="theme_contact_details_title" />
        <key name="theme_contact_address" />
        <key name="theme_contact_cell" />
        <key name="theme_contact_phone" />
        <key name="theme_contact_fax" />
        <key name="theme_contact_display_email" />
        <key name="theme_contact_form_heading" />
        <key name="theme_contact_email" />
        <key name="theme_contact_cc_email" />
        <key name="theme_contact_bcc_email" />
        <key name="theme_partners_title" />
        <key name="theme_copyright_text" />
        <key name="theme_designed_by_text" />
        <key name="theme_login_url" />
        <key name="inspiry_login_register_page" />
        <key name="theme_profile_url" />
        <key name="inspiry_edit_profile_page" />
        <key name="theme_submit_url" />
        <key name="inspiry_submit_property_page" />
        <key name="theme_submit_default_address" />
        <key name="theme_submit_default_location" />
        <key name="inspiry_submit_property_terms_text" />
        <key name="theme_submit_message" />
        <key name="theme_submit_notice_email" />
        <key name="theme_favorites_url" />
        <key name="inspiry_favorites_page" />
        <key name="theme_my_properties_url" />
        <key name="inspiry_my_properties_page" />
        <key name="theme_payment_amount" />
        <key name="theme_currency_code" />
        <key name="theme_footer_bg_img" />
        <key name="theme_show_news_posts" />
        <key name="inspiry_features_background_image" />
        <key name="inspiry_features_section_title" />
        <key name="inspiry_features_section_desc" />
        <key name="inspiry_first_feature_image" />
        <key name="inspiry_first_feature_title" />
        <key name="inspiry_first_feature_desc" />
        <key name="inspiry_first_feature_url" />
        <key name="inspiry_second_feature_image" />
        <key name="inspiry_second_feature_title" />
        <key name="inspiry_second_feature_desc" />
        <key name="inspiry_second_feature_url" />
        <key name="inspiry_third_feature_image" />
        <key name="inspiry_third_feature_title" />
        <key name="inspiry_third_feature_desc" />
        <key name="inspiry_third_feature_url" />
        <key name="inspiry_SFOI_title" />
        <key name="inspiry_SFOI_description" />
        <key name="inspiry_home_properties_title" />
        <key name="inspiry_home_properties_sub_title" />
        <key name="inspiry_home_properties_desc" />
        <key name="inspiry_testimonial_text" />
        <key name="inspiry_testimonial_name" />
        <key name="inspiry_testimonial_url" />
        <key name="inspiry_cta_background_image" />
        <key name="inspiry_cta_title" />
        <key name="inspiry_cta_desc" />
        <key name="inspiry_cta_btn_one_title" />
        <key name="inspiry_cta_btn_one_url" />
        <key name="inspiry_cta_btn_two_title" />
        <key name="inspiry_cta_btn_two_url" />
        <key name="inspiry_home_agents_title" />
        <key name="inspiry_home_agents_sub_title" />
        <key name="inspiry_home_agents_desc" />
        <key name="inspiry_home_features_title" />
        <key name="inspiry_home_features_sub_title" />
        <key name="inspiry_home_features_desc" />
        <key name="inspiry_home_partners_title" />
        <key name="inspiry_home_partners_sub_title" />
        <key name="inspiry_home_partners_desc" />
        <key name="inspiry_home_news_sub_title" />
        <key name="inspiry_home_news_title" />
        <key name="inspiry_home_news_desc" />
        <key name="inspiry_home_cta_contact_title" />
        <key name="inspiry_home_cta_contact_desc" />
        <key name="inspiry_home_cta_contact_bg_image" />
        <key name="inspiry_cta_contact_btn_one_title" />
        <key name="inspiry_cta_contact_btn_one_url" />
        <key name="inspiry_cta_contact_btn_two_title" />
        <key name="inspiry_cta_contact_btn_two_url" />
        <key name="inspiry_membership_page" />
        <key name="inspiry_login_register_page" />
        <key name="inspiry_auto_property_id_pattern" />
        <key name="inspiry_string_know_more" />
        <key name="inspiry_gdpr_label" />
        <key name="inspiry_gdpr_text" />
        <key name="inspiry_gdpr_validation_text" />
        <key name="inspiry_footer_tagline" />
        <key name="inspiry_bedrooms_field_label" />
        <key name="inspiry_bathrooms_field_label" />
        <key name="inspiry_garages_field_label" />
        <key name="inspiry_area_field_label" />
        <key name="inspiry_year_built_field_label" />
        <key name="inspiry_lot_size_field_label" />
        <key name="inspiry_virtual_tour_title" />
        <key name="inspiry_similar_properties" />
        <key name="inspiry_prop_id_field_label" />
        <key name="inspiry_description_property_label" />
        <key name="inspiry_property_floor_plans_label" />
        <key name="inspiry_share_property_label" />
        <key name="inspiry_add_to_fav_property_label" />
        <key name="inspiry_added_to_fav_property_label" />
        <key name="inspiry_print_property_label" />
        <key name="inspiry_property_detail_page_link_text" />
        <key name="inspiry_location_placeholder_1" />
        <key name="inspiry_location_placeholder_2" />
        <key name="inspiry_location_placeholder_3" />
        <key name="inspiry_property_type_placeholder" />
        <key name="inspiry_property_status_placeholder" />
    </admin-texts>
</wpml-config>